# Which executable answers each route: method, path (as in routes.json), owner (a service name in KnownServices).
# Decided 2026-10-02. gen_routes.py copies the owner into routes.json and ROUTES.md and refuses a route without one;
# the services, their tests, the bench proxy and the router map all read it from there. A new route needs a row here.
POST	/.*/access	access
DELETE	/access	access
POST	/access	access
POST	/account/switch	web
POST	/account/verify	web
GET	/accounts/bulk	http
?	/accounts/me	http
?	/accounts/me/age_information	http
?	/accounts/me/identity	http
?	/accounts/me/link	http
?	/accounts/me/notifications	http
?	/accounts/me/notifications/bulk/{id}	http
?	/accounts/me/notifications/{id}	http
?	/accounts/me/relationships	social
PUT	/accounts/me/relationships/{id}/block	social
PUT	/accounts/me/relationships/{id}/unblock	social
PUT	/accounts/me/relationships/{id}/unfollow	social
GET	/accounts/{id}	http
PUT	/accounts/{id}	http
GET	/accounts/{id}/relationships/followers	social
GET	/accounts/{id}/{sub}	http
GET	/accounts/{network}/bulk	http
GET	/admin/banner	web
POST	/api/admin/banner	web
GET	/api/admin/banner/online-count	web
POST	/api/identify	web
GET	/api/leaderboard/{mode}	web
GET	/api/leaderboard/{mode}/me	web
GET	/api/matches	web
POST	/api/ovs_match_status	matchflow
GET	/arenas/{id}/groups/{group}/participants	http
GET	/arenas/{id}/instances	http
GET	/arenas/{id}/instances/{instance}/participants/{participant}	http
GET	/assets/openversus-update-required-keyart.png	web
GET	/assets/openversus-update-required-thumbnail.png	web
PUT	/batch	http
GET	/clans/{id}/{sub}	http
GET	/commerce/catalog/{id}/products	http
?	/commerce/catalog/{id}/products/{product}/purchase	http
GET	/commerce/products	http
GET	/commerce/purchases/{id}	http
?	/commerce/purchases/{id}/finalize	http
?	/commerce/sales	http
GET	/commerce/steam/mtx_user_info/{id}	http
?	/configuration/sdk	http
POST	/datarouter/api/v1/public/data/clients	http
PUT	/drives/{id}/sync	http
GET	/favicon.ico	web
GET	/favicon/{image}	web
GET	/file_storage	http
GET	/file_storage/{slug}	http
GET	/friends/me	social
POST	/friends/me/invitations	social
GET	/friends/me/invitations/incoming	social
GET	/friends/me/invitations/outgoing	social
PUT	/friends/me/invitations/{id}/accept	social
?	/friends/me/invitations/{id}/cancel	social
PUT	/friends/me/invitations/{id}/decline	social
PUT	/friends/me/unfriend/{id}	social
GET	/global_configuration_types/{type}/global_configurations	http
GET	/global_configuration_types/{type}/global_configurations/{id}	http
GET	/home	web
GET	/images/{image}	web
GET	/layout/{layout_type}/personalized/{variant}/{id}	http
GET	/leaderboard	web
GET	/leaderboards/bulk/score-and-rank/{id}	http
GET	/leaderboards/{id}	http
GET	/leaderboards/{id}/around/me	http
GET	/leaderboards/{id}/around/{account}	http
GET	/leaderboards/{id}/friends	http
GET	/leaderboards/{id}/score-and-rank/{account}	http
GET	/leaderboards/{id}/show	http
GET	/matches	web
GET	/matches/all/{id}	lobbies
POST	/matches/matchmaking/request/{id}/cancel	lobbies
POST	/matches/matchmaking/{criteria}/request	lobbies
GET	/matches/{id}	lobbies
PUT	/matches/{id}	lobbies
PUT	/matches/{id}/leave	lobbies
POST	/mvsi_end_match	matchflow
POST	/mvsi_register	matchflow
GET	/namechange	web
POST	/namechange	web
PUT	/objects/{type}/unique/{id}/upsert	http
GET	/objects/{type}/unique/{id}/{key}	http
PUT	/objects/{type}/unique/{id}/{key}/upsert	http
GET	/ovs/all-players	web
GET	/ovs/client-version	web
POST	/ovs/friends/accept	social
POST	/ovs/friends/block	social
POST	/ovs/friends/decline	social
POST	/ovs/friends/request	social
PUT	/ovs/friends/send-request/{targetId}	social
DELETE	/ovs/friends/{friendId}	social
GET	/ovs/notifications	web
POST	/ovs_end_match	matchflow
POST	/ovs_match_started	matchflow
POST	/ovs_match_status	matchflow
POST	/ovs_register	matchflow
GET	/profiles/bulk	http
GET	/profiles/search_queries/{id}/run	http
GET	/profiles/{id}	http
PUT	/profiles/{id}	http
GET	/profiles/{id}/inventory	http
PUT	/profiles/{id}/inventory	http
?	/realtime/config	http
?	/relationships/followers	social
GET	/seasons/types/{type}/participant_leaderboards/{id}/score-and-rank/{account}	http
GET	/seasons/{id}/instances/{instance}/participants/{participant}	http
?	/sessions/auth/password	access
POST	/sessions/auth/token	access
?	/sessions/device	access
PUT	/social/me/block/{id}	social
GET	/social/me/blocked	social
PUT	/social/me/unblock/{id}	social
?	/ssc/invoke/activate_timed_boost	http
PUT	/ssc/invoke/add_custom_game_bot	lobbies
POST	/ssc/invoke/attempt_daily_refresh	http
PUT	/ssc/invoke/autoparty_join	lobbies
PUT	/ssc/invoke/bot_queue	lobbies
PUT	/ssc/invoke/cancel_party_invite	lobbies
?	/ssc/invoke/casual_queue	lobbies
?	/ssc/invoke/check_leaver_punishment	http
?	/ssc/invoke/check_server_grants	http
?	/ssc/invoke/check_training_server_ready	matchflow
PUT	/ssc/invoke/claim_all_milestone_reward_track_tiers	http
?	/ssc/invoke/claim_cauldron	http
?	/ssc/invoke/claim_competition_points	http
?	/ssc/invoke/claim_milestone_reward_track_tiers	http
POST	/ssc/invoke/claim_mission_rewards	http
?	/ssc/invoke/claim_server_grants	http
?	/ssc/invoke/claim_voting_competition_rewards	http
?	/ssc/invoke/consumable_event	http
?	/ssc/invoke/consume_character_xp_boost	http
?	/ssc/invoke/convert_candy_to_gold	http
PUT	/ssc/invoke/create_custom_game_lobby	lobbies
PUT	/ssc/invoke/create_party	lobbies
PUT	/ssc/invoke/create_party_lobby	lobbies
PUT	/ssc/invoke/create_rift_lobby	lobbies
?	/ssc/invoke/debug_lock_inventory_item	http
?	/ssc/invoke/debug_unlock_inventory_item	http
PUT	/ssc/invoke/decline_party_invite	lobbies
?	/ssc/invoke/deduct_guild_dungeon_ticket	http
?	/ssc/invoke/dlc_event	http
PUT	/ssc/invoke/equip_announcer_pack	http
PUT	/ssc/invoke/equip_banner	http
PUT	/ssc/invoke/equip_gems	http
?	/ssc/invoke/equip_profile_icon	http
PUT	/ssc/invoke/equip_ringout_vfx	http
PUT	/ssc/invoke/equip_stat_tracker	http
PUT	/ssc/invoke/equip_taunt	http
PUT	/ssc/invoke/faceoff_timeout	matchflow
?	/ssc/invoke/finish_rift_chapter	http
?	/ssc/invoke/follow_account	social
PUT	/ssc/invoke/game_install	http
PUT	/ssc/invoke/game_launch_event	http
?	/ssc/invoke/get_active_ranked_seasons	http
GET	/ssc/invoke/get_calendar_events	http
GET	/ssc/invoke/get_country_code	http
?	/ssc/invoke/get_current_ftue_step	http
GET	/ssc/invoke/get_equipped_cosmetics	http
GET	/ssc/invoke/get_gm_leaderboards	http
GET	/ssc/invoke/get_hiss_calendar_events	http
GET	/ssc/invoke/get_milestone_reward_tracks	http
POST	/ssc/invoke/get_or_create_mission_object	http
?	/ssc/invoke/get_or_create_my_match_config	matchflow
GET	/ssc/invoke/get_or_create_rift_state	http
?	/ssc/invoke/get_preferred_currency	http
?	/ssc/invoke/grant_character_gift	http
?	/ssc/invoke/grant_currency	http
?	/ssc/invoke/grant_gold	http
GET	/ssc/invoke/hiss_amalgamation	http
PUT	/ssc/invoke/hiss_amalgamation	http
?	/ssc/invoke/ingame_purchase_event	http
?	/ssc/invoke/invite_to_party	lobbies
PUT	/ssc/invoke/invite_to_player_lobby	lobbies
PUT	/ssc/invoke/join_custom_game_lobby	lobbies
?	/ssc/invoke/join_party	lobbies
PUT	/ssc/invoke/join_party_lobby	lobbies
?	/ssc/invoke/join_voting_competition	http
PUT	/ssc/invoke/kick_from_lobby	lobbies
?	/ssc/invoke/leave_party	lobbies
PUT	/ssc/invoke/leave_player_lobby	lobbies
GET	/ssc/invoke/load_gameplay_config	http
GET	/ssc/invoke/load_rifts	http
PUT	/ssc/invoke/lobby_code	lobbies
?	/ssc/invoke/local_leaderboard_claim_rewards	http
?	/ssc/invoke/local_leaderboard_has_unclaimed_rewards	http
PUT	/ssc/invoke/lock_lobby_loadout	lobbies
PUT	/ssc/invoke/lock_rift_lobby_loadout	lobbies
PUT	/ssc/invoke/match_set_absent	matchflow
PUT	/ssc/invoke/match_set_checkin	matchflow
PUT	/ssc/invoke/match_set_concede	matchflow
?	/ssc/invoke/notify_changing_modes	lobbies
PUT	/ssc/invoke/perks_absent	matchflow
GET	/ssc/invoke/perks_get_all_pages	http
PUT	/ssc/invoke/perks_lock	matchflow
PUT	/ssc/invoke/perks_set_character_page	http
?	/ssc/invoke/post_login_bonuses	http
PUT	/ssc/invoke/promote_to_lobby_leader	lobbies
?	/ssc/invoke/purchase_stocks	http
PUT	/ssc/invoke/ranked_claim_end_of_season_rewards	http
GET	/ssc/invoke/ranked_data	http
?	/ssc/invoke/read_cached_configs	http
PUT	/ssc/invoke/rematch_accept	lobbies
PUT	/ssc/invoke/rematch_decline	lobbies
PUT	/ssc/invoke/reset_custom_lobby_to_defaults	lobbies
?	/ssc/invoke/reset_inventory	http
PUT	/ssc/invoke/retry_current_rift_node	http
?	/ssc/invoke/rift_reset_all_chapters	http
?	/ssc/invoke/rift_reset_all_player_data	http
?	/ssc/invoke/rift_unlock_chapter_cauldron_tiers	http
?	/ssc/invoke/save_current_ftue_step	http
?	/ssc/invoke/select_rift_loadout	http
?	/ssc/invoke/send_frontend_mission_updates	http
PUT	/ssc/invoke/send_profile_notification	http
?	/ssc/invoke/set_chapter_difficulty	http
PUT	/ssc/invoke/set_enabled_maps_for_custom_game	lobbies
PUT	/ssc/invoke/set_game_mode_for_custom_game	lobbies
?	/ssc/invoke/set_joinable	lobbies
PUT	/ssc/invoke/set_lobby_joinable	lobbies
PUT	/ssc/invoke/set_lobby_not_joinable	lobbies
PUT	/ssc/invoke/set_mode_for_lobby	lobbies
PUT	/ssc/invoke/set_player_handicap_for_custom_game	lobbies
PUT	/ssc/invoke/set_profile_icon	http
PUT	/ssc/invoke/set_ready_for_lobby	lobbies
PUT	/ssc/invoke/set_world_buffs_for_custom_game	lobbies
?	/ssc/invoke/skip_rift_node	http
PUT	/ssc/invoke/start_custom_match	lobbies
PUT	/ssc/invoke/start_rift_node	http
PUT	/ssc/invoke/submit_end_of_match_stats	http
PUT	/ssc/invoke/switch_custom_game_lobby_team	lobbies
?	/ssc/invoke/sync_match_config	matchflow
PUT	/ssc/invoke/toast_player	matchflow
?	/ssc/invoke/unlock_ftue_character	http
PUT	/ssc/invoke/update_custom_game_bot_fighter	lobbies
PUT	/ssc/invoke/update_int_setting_for_custom_game	lobbies
?	/ssc/invoke/update_member_data	http
PUT	/ssc/invoke/update_party_game_modes	lobbies
PUT	/ssc/invoke/update_player_preferences	http
PUT	/ssc/invoke/update_team_style_for_custom_game	lobbies
?	/ssc/invoke/upgrade_track_to_premium	http
?	/ssc/invoke/zd_ticket_submit	http
GET	/stats	web
GET	/store/store_products/{id}/my_products	http
POST	/syncAsset	web
GET	/theme.css	web
GET	/theme.js	web
POST	/virtual_commerce/purchases/{id}/{item}	http
